{
  "file_path": "advanced_medium_3x4.3mf",
  "file_size": 7813950,
  "models": [
    {
      "object_id": 2,
      "object_type": "model",
      "vertex_count": 16700,
      "triangle_count": 33448,
      "bounds": {
        "min": [
          -55.00000000000001,
          -82.50000000000001,
          0.0
        ],
        "max": [
          -5.000000000000007,
          -32.500000000000014,
          6.200799875543453
        ]
      },
      "dimensions": [
        50.0,
        50.0,
        6.200799875543453
      ],
      "center_of_mass": [
        -30.011416352116427,
        -58.27781348080952,
        3.1028786284718715
      ],
      "volume": 3932.378632035873,
      "surface_area": 4927.655179005006
    },
    {
      "object_id": 3,
      "object_type": "model",
      "vertex_count": 16700,
      "triangle_count": 33448,
      "bounds": {
        "min": [
          -30.000000000000007,
          -140.00000000000003,
          0.0003999999025836587
        ],
        "max": [
          19.999999999999993,
          -90.00000000000003,
          6.2011998754460365
        ]
      },
      "dimensions": [
        50.0,
        50.0,
        6.200799875543453
      ],
      "center_of_mass": [
        -5.011416352116426,
        -115.77781348080954,
        3.103278628374455
      ],
      "volume": 3932.378632035863,
      "surface_area": 4927.655179005006
    },
    {
      "object_id": 4,
      "object_type": "model",
      "vertex_count": 16700,
      "triangle_count": 33448,
      "bounds": {
        "min": [
          24.999999999999993,
          -140.00000000000003,
          0.0003999999025836587
        ],
        "max": [
          75.0,
          -90.00000000000003,
          6.2011998754460365
        ]
      },
      "dimensions": [
        50.00000000000001,
        50.0,
        6.200799875543453
      ],
      "center_of_mass": [
        49.98858364788357,
        -115.77781348080954,
        3.103278628374455
      ],
      "volume": 3932.378632035822,
      "surface_area": 4927.65517900501
    },
    {
      "object_id": 5,
      "object_type": "model",
      "vertex_count": 16700,
      "triangle_count": 33448,
      "bounds": {
        "min": [
          -85.00000000000001,
          -85.00000000000003,
          0.0003999999025836587
        ],
        "max": [
          -35.000000000000014,
          -35.00000000000002,
          6.2011998754460365
        ]
      },
      "dimensions": [
        50.0,
        50.00000000000001,
        6.200799875543453
      ],
      "center_of_mass": [
        -60.011416352116434,
        -60.77781348080953,
        3.103278628374455
      ],
      "volume": 3932.3786320357885,
      "surface_area": 4927.655179005008
    },
    {
      "object_id": 6,
      "object_type": "model",
      "vertex_count": 16700,
      "triangle_count": 33448,
      "bounds": {
        "min": [
          -30.000000000000007,
          -85.00000000000003,
          0.0003999999025836587
        ],
        "max": [
          19.999999999999993,
          -35.00000000000002,
          6.2011998754460365
        ]
      },
      "dimensions": [
        50.0,
        50.00000000000001,
        6.200799875543453
      ],
      "center_of_mass": [
        -5.011416352116426,
        -60.77781348080953,
        3.103278628374455
      ],
      "volume": 3932.3786320358586,
      "surface_area": 4927.655179005008
    },
    {
      "object_id": 7,
      "object_type": "model",
      "vertex_count": 16700,
      "triangle_count": 33448,
      "bounds": {
        "min": [
          24.999999999999993,
          -85.00000000000003,
          0.0003999999025836587
        ],
        "max": [
          75.0,
          -35.00000000000002,
          6.2011998754460365
        ]
      },
      "dimensions": [
        50.00000000000001,
        50.00000000000001,
        6.200799875543453
      ],
      "center_of_mass": [
        49.98858364788357,
        -60.77781348080953,
        3.103278628374455
      ],
      "volume": 3932.378632035844,
      "surface_area": 4927.65517900501
    },
    {
      "object_id": 8,
      "object_type": "model",
      "vertex_count": 16700,
      "triangle_count": 33448,
      "bounds": {
        "min": [
          -85.00000000000001,
          -30.000000000000014,
          0.0003999999025836587
        ],
        "max": [
          -35.000000000000014,
          19.999999999999986,
          6.2011998754460365
        ]
      },
      "dimensions": [
        50.0,
        50.0,
        6.200799875543453
      ],
      "center_of_mass": [
        -60.011416352116434,
        -5.777813480809523,
        3.103278628374455
      ],
      "volume": 3932.378632035857,
      "surface_area": 4927.655179005006
    },
    {
      "object_id": 9,
      "object_type": "model",
      "vertex_count": 16700,
      "triangle_count": 33448,
      "bounds": {
        "min": [
          -30.000000000000007,
          -30.000000000000014,
          0.0003999999025836587
        ],
        "max": [
          19.999999999999993,
          19.999999999999986,
          6.2011998754460365
        ]
      },
      "dimensions": [
        50.0,
        50.0,
        6.200799875543453
      ],
      "center_of_mass": [
        -5.011416352116426,
        -5.777813480809523,
        3.103278628374455
      ],
      "volume": 3932.3786320358276,
      "surface_area": 4927.655179005006
    },
    {
      "object_id": 10,
      "object_type": "model",
      "vertex_count": 16700,
      "triangle_count": 33448,
      "bounds": {
        "min": [
          24.999999999999993,
          -30.000000000000014,
          0.0003999999025836587
        ],
        "max": [
          75.0,
          19.999999999999986,
          6.2011998754460365
        ]
      },
      "dimensions": [
        50.00000000000001,
        50.0,
        6.200799875543453
      ],
      "center_of_mass": [
        49.98858364788357,
        -5.777813480809523,
        3.103278628374455
      ],
      "volume": 3932.378632035841,
      "surface_area": 4927.65517900501
    },
    {
      "object_id": 11,
      "object_type": "model",
      "vertex_count": 16700,
      "triangle_count": 33448,
      "bounds": {
        "min": [
          -85.00000000000001,
          25.0,
          0.0003999999025836587
        ],
        "max": [
          -35.000000000000014,
          75.0,
          6.2011998754460365
        ]
      },
      "dimensions": [
        50.0,
        50.0,
        6.200799875543453
      ],
      "center_of_mass": [
        -60.011416352116434,
        49.222186519190494,
        3.103278628374455
      ],
      "volume": 3932.3786320358295,
      "surface_area": 4927.655179005006
    },
    {
      "object_id": 12,
      "object_type": "model",
      "vertex_count": 16700,
      "triangle_count": 33448,
      "bounds": {
        "min": [
          -30.000000000000007,
          25.0,
          0.0003999999025836587
        ],
        "max": [
          19.999999999999993,
          75.0,
          6.2011998754460365
        ]
      },
      "dimensions": [
        50.0,
        50.0,
        6.200799875543453
      ],
      "center_of_mass": [
        -5.011416352116426,
        49.222186519190494,
        3.103278628374455
      ],
      "volume": 3932.378632035879,
      "surface_area": 4927.655179005006
    },
    {
      "object_id": 13,
      "object_type": "model",
      "vertex_count": 16700,
      "triangle_count": 33448,
      "bounds": {
        "min": [
          24.999999999999993,
          25.0,
          0.0003999999025836587
        ],
        "max": [
          75.0,
          75.0,
          6.2011998754460365
        ]
      },
      "dimensions": [
        50.00000000000001,
        50.0,
        6.200799875543453
      ],
      "center_of_mass": [
        49.98858364788357,
        49.222186519190494,
        3.103278628374455
      ],
      "volume": 3932.3786320358704,